{"_wandb":{"runtime":232},"epoch":4,"_timestamp":1.7681749100905292e+09,"_runtime":201.74868643,"_step":4,"loss":18.322435706809713,"q_value":-16.79306813557943,"return":2366.3299999999986}