{"_step":99,"loss":914185.8123611112,"q_value":-20169.15988715278,"return":4100.9000000000015,"_wandb":{"runtime":3468},"epoch":99,"_timestamp":1.7681521322082617e+09,"_runtime":3468.167047776}